Point (STYYYY),Temperature (*F),Max Temp (*F),PDSI,Precipitation (in),Forest Cover (%),Population Count (ppl),Population Density (ppl/mi^2),Avg. Humidity (%),Avg % Dry,Max % Dry,Avg % Wet,Max % Wet,Wildfire Count (#),
AL2011,63.8,75.9,-2.99,50.71,70.57,"4,799,069",91.55,68,0.12133,0.2011,0.12223,0.2639,836,
AZ2011,60.3,74.7,-3.09,9.63,25.64,"6,472,643",56.78,39,0.12133,0.2011,0.12223,0.2639,2524,
AR2011,61.8,73.1,-1.58,55.84,56.31,"2,940,667",55.30,67,0.12133,0.2011,0.12223,0.2639,655,
CA2011,57.4,80.5,3.42,18.79,32.71,"37,638,369",229.93,69,0.12133,0.2011,0.12223,0.2639,"10,431",
CO2011,45.4,78.9,0.45,17.62,34.42,"5,121,108",49.20,47.5,0.12133,0.2011,0.12223,0.2639,1080,
CT2011,50.9,77.3,1.6,63.69,55.24,"3,588,283",647.35,65.5,0.12133,0.2011,0.12223,0.2639,586,
DE2011,57.4,85.2,-3.28,44.56,27.26,"907,381",364.56,66.5,0.12133,0.2011,0.12223,0.2639,426,
FL2011,71.7,93.4,-4.65,46.77,50.68,"19,053,237",289.75,72,0.12133,0.2011,0.12223,0.2639,2381,
GA2011,64.6,94.1,-3.92,40.11,67.28,"9,802,431",164.95,68,0.12133,0.2011,0.12223,0.2639,1699,
ID2011,42.4,66.9,4.02,24.69,40.55,"1,583,910",18.95,54.5,0.12133,0.2011,0.12223,0.2639,844,
IL2011,53.1,82.9,3.96,46.1,13.64,"12,867,454",222.18,70.5,0.12133,0.2011,0.12223,0.2639,19,
IN2011,53.1,82.7,3.52,55.2,21.06,"6,516,528",178.93,70.5,0.12133,0.2011,0.12223,0.2639,11,
IA2011,48.4,79.3,4.37,31.83,8.43,"3,066,336",54.49,67,0.12133,0.2011,0.12223,0.2639,126,
KS2011,55.2,90.6,-1.96,24.17,4.78,"2,869,225",34.87,65,0.12133,0.2011,0.12223,0.2639,52,
KY2011,56.9,85.3,3.85,64.35,49.35,"4,369,821",108.14,67,0.12133,0.2011,0.12223,0.2639,524,
LA2011,67.7,94.8,-5.35,43.01,53.2,"4,575,625",87.36,74,0.12133,0.2011,0.12223,0.2639,401,
ME2011,42.8,71,3.15,50.04,89.46,"1,328,284",37.54,71.5,0.12133,0.2011,0.12223,0.2639,1156,
MD2011,56.5,84.8,-1.76,51.11,39.36,"5,839,419",470.69,64.5,0.12133,0.2011,0.12223,0.2639,2,
MA2011,49.7,75.6,1.44,60.83,60.57,"6,613,583",626.64,67,0.12133,0.2011,0.12223,0.2639,1189,
MI2011,45.6,75.6,2.27,36.82,55.62,"9,882,412",102.18,72.5,0.12133,0.2011,0.12223,0.2639,409,
MN2011,42,73.6,4.04,24.35,34.08,"5,346,143",61.50,66.5,0.12133,0.2011,0.12223,0.2639,1372,
MS2011,64.4,94.2,-3.11,52.84,65.07,"2,978,731",61.50,72.5,0.12133,0.2011,0.12223,0.2639,729,
MO2011,55.6,86.5,-0.24,45.7,35.16,"6,010,275",86.22,67.5,0.12133,0.2011,0.12223,0.2639,1090,
MT2011,41.6,68.3,6.97,22.85,27.45,"997,316",6.78,58,0.12133,0.2011,0.12223,0.2639,2433,
NE2011,48.8,80.8,4.68,25.81,3.2,"1,840,672",23.80,67.5,0.12133,0.2011,0.12223,0.2639,41,
NV2011,49.6,77.7,4,8.62,15.89,"2,712,730",24.53,51.5,0.12133,0.2011,0.12223,0.2639,770,
NH2011,44.9,73.4,2.48,57.49,84.32,"1,320,202",141.21,68.5,0.12133,0.2011,0.12223,0.2639,252,
NJ2011,54.9,82.5,0.4,63.95,41.72,"8,828,117","1,012.05",71,0.12133,0.2011,0.12223,0.2639,1981,
NM2011,54.6,91.4,-5.26,9.8,31.99,"2,080,450",17.11,44.5,0.12133,0.2011,0.12223,0.2639,1018,
NY2011,47.1,75.5,4.35,55.71,62.88,"19,499,241",357.42,71.5,0.12133,0.2011,0.12223,0.2639,192,
NC2011,60.4,88.8,-2.79,45.99,59.73,"9,657,592",179.45,67.5,0.12133,0.2011,0.12223,0.2639,2364,
ND2011,40.7,73,8.44,21.44,1.72,"685,225",9.69,65.5,0.12133,0.2011,0.12223,0.2639,651,
OH2011,52.3,81.2,3.31,55.95,30.92,"11,544,663",257.54,68.5,0.12133,0.2011,0.12223,0.2639,649,
OK2011,61.6,96.8,-4.17,26.24,28.8,"3,788,379",54.20,63.5,0.12133,0.2011,0.12223,0.2639,1241,
OR2011,46.3,67.4,3.82,30.68,48.51,"3,872,036",39.36,72,0.12133,0.2011,0.12223,0.2639,2215,
PA2011,50.4,79.3,2.94,61,58.6,"12,745,815",276.76,65.5,0.12133,0.2011,0.12223,0.2639,1488,
RI2011,51.6,76,0.96,57.53,54.38,"1,053,649",681.97,67.5,0.12133,0.2011,0.12223,0.2639,113,
SC2011,64.1,93.2,-3.92,38.21,68.19,"4,671,994",145.91,67.5,0.12133,0.2011,0.12223,0.2639,465,
SD2011,44.8,76.3,8.31,22.13,3.93,"823,579",10.68,68,0.12133,0.2011,0.12223,0.2639,852,
TN2011,58.9,87.7,2.55,62.59,52.83,"6,399,291",151.84,68.5,0.12133,0.2011,0.12223,0.2639,391,
TX2011,67.3,99,-6.56,14.7,37.33,"25,645,629",95.48,65.5,0.12133,0.2011,0.12223,0.2639,6713,
UT2011,47.6,78.6,5.08,14.71,34.48,"2,814,384",33.15,55,0.12133,0.2011,0.12223,0.2639,1493,
VT2011,44.3,72.9,4.62,58.22,77.811,"627,049",65.21,67.5,0.12133,0.2011,0.12223,0.2639,96,
VA2011,57,85,0.55,48.3,62.93,"8,101,155",189.39,68,0.12133,0.2011,0.12223,0.2639,410,
WA2011,45.5,66.1,4.07,43.82,52.74,"6,826,627",95.75,72.5,0.12133,0.2011,0.12223,0.2639,1646,
WV2011,53.5,81.1,1.91,55.1,79.01,"1,856,301",76.61,71,0.12133,0.2011,0.12223,0.2639,1230,
WI2011,44.1,75.2,2.78,31.04,48.98,"5,705,288",87.11,71,0.12133,0.2011,0.12223,0.2639,781,
WY2011,41.1,71.1,4.37,18.55,18.42,"567,299",5.80,53,0.12133,0.2011,0.12223,0.2639,828,
AL2012,64.9,76.5,-2.8,53.38,70.57,"4,815,588",91.87,68,0.1501,0.3473,0.062,0.1653,1107,2012 STARTS HERE
AZ2012,62.1,76.8,-4.75,9.56,25.64,"6,554,978",57.50,39,0.1501,0.3473,0.062,0.1653,1869,
AR2012,63.6,75.2,-3.36,39.81,56.31,"2,952,164",55.51,67,0.1501,0.3473,0.062,0.1653,660,
CA2012,59.5,84.3,-1.86,23.45,32.71,"37,948,800",231.83,69,0.1501,0.3473,0.062,0.1653,8194,
CO2012,48.3,84.8,-5.67,12.31,34.42,"5,192,647",49.88,47.5,0.1501,0.3473,0.062,0.1653,857,
CT2012,52.5,76.9,-2.32,39.39,55.24,"3,594,547",648.48,65.5,0.1501,0.3473,0.062,0.1653,88,
DE2012,58.5,84.2,-3.66,39.32,27.26,"915,179",367.69,66.5,0.1501,0.3473,0.062,0.1653,0,
FL2012,71.9,88.3,1.7,55.09,50.68,"19,297,822",293.47,72,0.1501,0.3473,0.062,0.1653,2121,
GA2012,65.5,86.9,-4.22,42.02,67.28,"9,901,430",166.62,68,0.1501,0.3473,0.062,0.1653,3158,
ID2012,45.1,71.6,-0.3,25.71,40.55,"1,595,324",19.09,54.5,0.1501,0.3473,0.062,0.1653,960,
IL2012,55.8,85.4,-3.06,30.11,13.64,"12,882,510",222.44,70.5,0.1501,0.3473,0.062,0.1653,2,
IN2012,55.1,85,-3.53,33.82,21.06,"6,537,703",179.51,70.5,0.1501,0.3473,0.062,0.1653,38,
IA2012,52.1,83.1,-2.26,25.61,8.43,"3,076,190",54.67,67,0.1501,0.3473,0.062,0.1653,153,
KS2012,58.2,92,-2.8,19.29,4.78,"2,885,257",35.07,65,0.1501,0.3473,0.062,0.1653,19,
KY2012,58.4,86.2,-2.66,43.21,49.35,"4,386,346",108.55,67,0.1501,0.3473,0.062,0.1653,755,
LA2012,68.7,91.3,-2.82,62.88,53.2,"4,600,972",87.84,74,0.1501,0.3473,0.062,0.1653,361,
ME2012,43.9,70.7,2.32,47.38,89.46,"1,327,729",37.53,71.5,0.1501,0.3473,0.062,0.1653,355,
MD2012,57.5,83.1,-2.38,40.4,39.36,"5,886,992",474.53,64.5,0.1501,0.3473,0.062,0.1653,140,
MA2012,51.3,75.3,-1.83,41.78,60.57,"6,663,005",631.33,67,0.1501,0.3473,0.062,0.1653,289,
MI2012,48.4,79,-1.69,31,55.62,"9,897,145",102.33,72.5,0.1501,0.3473,0.062,0.1653,361,
MN2012,45.2,78.8,-1.92,26.17,34.08,"5,376,643",61.85,66.5,0.1501,0.3473,0.062,0.1653,1021,
MS2012,65.7,90,-2.26,59.17,65.07,"2,983,816",61.61,72.5,0.1501,0.3473,0.062,0.1653,959,
MO2012,58.5,87.8,-2.82,31.03,35.16,"6,024,367",86.42,67.5,0.1501,0.3473,0.062,0.1653,67,
MT2012,44.5,74,-1.93,16.81,27.45,"1,003,783",6.83,58,0.1501,0.3473,0.062,0.1653,1474,
NE2012,52.7,87.8,-3.28,13.36,3.2,"1,853,303",23.96,67.5,0.1501,0.3473,0.062,0.1653,15,
NV2012,52.4,83.4,-5.23,8.89,15.89,"2,743,996",24.82,51.5,0.1501,0.3473,0.062,0.1653,562,
NH2012,46.6,73.4,1.08,45.18,84.32,"1,324,232",141.64,68.5,0.1501,0.3473,0.062,0.1653,16,
NJ2012,55.9,80.9,-1.9,41.99,41.72,"8,844,942","1,013.98",71,0.1501,0.3473,0.062,0.1653,727,
NM2012,56,91.8,-5.03,8.41,31.99,"2,087,309",17.17,44.5,0.1501,0.3473,0.062,0.1653,859,
NY2012,48.8,75.5,-1.99,39.56,62.88,"19,572,932",358.77,71.5,0.1501,0.3473,0.062,0.1653,79,
NC2012,60.7,84.1,-0.46,46.62,59.73,"9,749,476",181.15,67.5,0.1501,0.3473,0.062,0.1653,3872,
ND2012,44.1,78.3,-1.83,15.09,1.72,"701,176",9.92,65.5,0.1501,0.3473,0.062,0.1653,488,
OH2012,54,83.1,-2.63,37.28,30.92,"11,548,923",257.64,68.5,0.1501,0.3473,0.062,0.1653,498,
OK2012,63.2,91.7,-2.74,25.7,28.8,"3,818,814",54.63,63.5,0.1501,0.3473,0.062,0.1653,1104,
OR2012,48,68.7,2.04,40.08,48.51,"3,899,001",39.63,72,0.1501,0.3473,0.062,0.1653,2293,
PA2012,51.8,78.4,-1.96,43.49,58.6,"12,767,118",277.22,65.5,0.1501,0.3473,0.062,0.1653,547,
RI2012,52.9,75.3,0.44,41.13,54.38,"1,054,621",682.60,67.5,0.1501,0.3473,0.062,0.1653,45,
SC2012,64.5,86,0.71,43.77,68.19,"4,717,354",147.33,67.5,0.1501,0.3473,0.062,0.1653,992,
SD2012,49.3,84.4,-2.39,14.58,3.93,"833,566",10.81,68,0.1501,0.3473,0.062,0.1653,346,
TN2012,60.3,86.8,-3.12,46.89,52.83,"6,453,898",153.14,68.5,0.1501,0.3473,0.062,0.1653,571,
TX2012,67.8,95.1,-4.14,24.1,37.33,"26,084,481",97.11,65.5,0.1501,0.3473,0.062,0.1653,6892,
UT2012,50.9,85.4,-4.6,10.69,34.48,"2,853,375",33.61,55,0.1501,0.3473,0.062,0.1653,1025,
VT2012,45.8,73.6,-1.52,42.35,77.811,"626,090",65.11,67.5,0.1501,0.3473,0.062,0.1653,19,
VA2012,57.6,82.5,-1.42,40.05,62.93,"8,185,080",191.35,68,0.1501,0.3473,0.062,0.1653,364,
WA2012,47.1,65.1,2.69,52.87,52.74,"6,897,058",96.74,72.5,0.1501,0.3473,0.062,0.1653,1394,
WV2012,54.3,80.7,-1.46,44.62,79.01,"1,856,872",76.64,71,0.1501,0.3473,0.062,0.1653,593,
WI2012,47.4,79.7,-1.25,28.8,48.98,"5,719,960",87.33,71,0.1501,0.3473,0.062,0.1653,710,
WY2012,44.8,79.5,-4.48,10.96,18.42,"576,305",5.89,53,0.1501,0.3473,0.062,0.1653,486,
AL2013,62.6,73.3,1.73,64.7,70.57,"4,830,081",92.14,68,0.08522,0.2045,0.12348,0.2888,958,2013 STARTS HERE
AZ2013,60.4,74.6,-4.07,12.13,25.64,"6,632,764",58.19,39,0.08522,0.2045,0.12348,0.2888,1994,
AR2013,59.6,70.2,0.41,54.24,56.31,"2,959,400",55.65,67,0.08522,0.2045,0.12348,0.2888,1114,
CA2013,59.3,87.2,-3.28,7.93,32.71,"38,260,787",233.73,69,0.08522,0.2045,0.12348,0.2888,8052,
CO2013,45.1,82.3,-6.71,18.79,34.42,"5,269,035",50.62,47.5,0.08522,0.2045,0.12348,0.2888,1328,
CT2013,49.8,78,2.38,43.39,55.24,"3,594,841",648.54,65.5,0.08522,0.2045,0.12348,0.2888,52,
DE2013,55.8,83,2.17,50.75,27.26,"923,576",371.06,66.5,0.08522,0.2045,0.12348,0.2888,0,
FL2013,71.7,89.9,1.18,56.87,50.68,"19,545,621",297.24,72,0.08522,0.2045,0.12348,0.2888,2237,
GA2013,63.4,87.4,2.72,63.49,67.28,"9,972,479",167.82,68,0.08522,0.2045,0.12348,0.2888,2541,
ID2013,43.7,74.1,-2.02,17.64,40.55,"1,611,206",19.28,54.5,0.08522,0.2045,0.12348,0.2888,1131,
IL2013,51.1,81.6,3.1,42.49,13.64,"12,895,129",222.66,70.5,0.08522,0.2045,0.12348,0.2888,6,
IN2013,51.2,81,1.79,45.14,21.06,"6,568,713",180.36,70.5,0.08522,0.2045,0.12348,0.2888,26,
IA2013,46.7,78.5,3.52,34.44,8.43,"3,092,997",54.96,67,0.08522,0.2045,0.12348,0.2888,0,
KS2013,53.7,88.7,-2.93,29.03,4.78,"2,893,212",35.16,65,0.08522,0.2045,0.12348,0.2888,71,
KY2013,55,83.6,1.7,55.78,49.35,"4,404,659",109.00,67,0.08522,0.2045,0.12348,0.2888,376,
LA2013,66.2,90.2,-0.02,61.43,53.2,"4,624,527",88.29,74,0.08522,0.2045,0.12348,0.2888,347,
ME2013,42,71.3,2.11,45.61,89.46,"1,328,009",37.54,71.5,0.08522,0.2045,0.12348,0.2888,542,
MD2013,54.7,82.4,1.41,46.04,39.36,"5,923,188",477.45,64.5,0.08522,0.2045,0.12348,0.2888,76,
MA2013,48.8,77.4,2.41,46.39,60.57,"6,713,315",636.09,67,0.08522,0.2045,0.12348,0.2888,0,
MI2013,44.1,75,2.79,38.23,55.62,"9,913,065",102.50,72.5,0.08522,0.2045,0.12348,0.2888,431,
MN2013,39.3,74.5,2.61,29.01,34.08,"5,413,479",62.27,66.5,0.08522,0.2045,0.12348,0.2888,1340,
MS2013,63.1,89.1,2.5,62.93,65.07,"2,988,711",61.71,72.5,0.08522,0.2045,0.12348,0.2888,1162,
MO2013,53.6,83.2,2.33,45.71,35.16,"6,040,715",86.66,67.5,0.08522,0.2045,0.12348,0.2888,100,
MT2013,42.4,72,1.35,20.02,27.45,"1,013,569",6.89,58,0.08522,0.2045,0.12348,0.2888,1256,
NE2013,48.5,82,-3.6,23.44,3.2,"1,865,279",24.12,67.5,0.08522,0.2045,0.12348,0.2888,35,
NV2013,50.5,85.4,-5.55,7.46,15.89,"2,775,970",25.11,51.5,0.08522,0.2045,0.12348,0.2888,649,
NH2013,44.2,74.5,1.72,45.76,84.32,"1,326,622",141.90,68.5,0.08522,0.2045,0.12348,0.2888,145,
NJ2013,53.2,81.4,2.2,46.38,41.72,"8,856,972","1,015.36",71,0.08522,0.2045,0.12348,0.2888,612,
NM2013,53.7,91.4,-6.12,13.67,31.99,"2,092,273",17.21,44.5,0.08522,0.2045,0.12348,0.2888,"1,310",
NY2013,45.7,74.1,2.04,43.99,62.88,"19,624,447",359.72,71.5,0.08522,0.2045,0.12348,0.2888,109,
NC2013,58.6,83.7,2.42,56.45,59.73,"9,843,336",182.90,67.5,0.08522,0.2045,0.12348,0.2888,"3,362",
ND2013,38.8,74.3,3.7,23.28,1.72,"722,036",10.21,65.5,0.08522,0.2045,0.12348,0.2888,"1,026",
OH2013,50.9,80,0.82,41.69,30.92,"11,576,684",258.26,68.5,0.08522,0.2045,0.12348,0.2888,67,
OK2013,58.8,89.7,0.41,36.7,28.8,"3,853,214",55.13,63.5,0.08522,0.2045,0.12348,0.2888,"1,679",
OR2013,47.6,73.1,-1.76,22.72,48.51,"3,922,468",39.87,72,0.08522,0.2045,0.12348,0.2888,"2,018",
PA2013,49,78.1,0.88,41.82,58.6,"12,776,309",277.42,65.5,0.08522,0.2045,0.12348,0.2888,588,
RI2013,50.6,77.4,2.22,43.17,54.38,"1,055,081",682.90,67.5,0.08522,0.2045,0.12348,0.2888,32,
SC2013,62.3,86.8,2.12,56.39,68.19,"4,764,080",148.78,67.5,0.08522,0.2045,0.12348,0.2888,"1,134",
SD2013,44,77.2,1.66,24.94,3.93,"842,316",10.92,68,0.08522,0.2045,0.12348,0.2888,433,
TN2013,57.1,84.5,2.83,63.27,52.83,"6,494,340",154.10,68.5,0.08522,0.2045,0.12348,0.2888,341,
TX2013,65.1,94,-4.84,26.02,37.33,"26,480,266",98.59,65.5,0.08522,0.2045,0.12348,0.2888,"10,234",
UT2013,47.8,85.4,-4.66,13.21,34.48,"2,897,640",34.13,55,0.08522,0.2045,0.12348,0.2888,"1,331",
VT2013,43.2,72.8,2.49,46.56,77.811,"626,210",65.12,67.5,0.08522,0.2045,0.12348,0.2888,59,
VA2013,55.1,82,2.22,51.37,62.93,"8,252,427",192.93,68,0.08522,0.2045,0.12348,0.2888,"1,266",
WA2013,47.2,69.8,1.02,35.68,52.74,"6,963,985",97.67,72.5,0.08522,0.2045,0.12348,0.2888,"1,743",
WV2013,51.8,79.6,0.75,47.59,79.01,"1,853,914",76.51,71,0.08522,0.2045,0.12348,0.2888,467,
WI2013,41.8,74.3,3.81,36.53,48.98,"5,736,754",87.59,71,0.08522,0.2045,0.12348,0.2888,825,
WY2013,41.7,76.4,-6.39,16.32,18.42,"582,122",5.95,53,0.08522,0.2045,0.12348,0.2888,611,
AL2014,62,73.7,2.56,56.03,70.57,"4,841,799",92.37,68,0.080183,0.2678,0.0958,0.257,"1,254",2014 STARTS HERE
AZ2014,62.2,76.5,-5.06,11.07,25.64,"6,730,413",59.04,39,0.080183,0.2678,0.0958,0.257,"2,321",
AR2014,58.7,69.2,1.19,47.91,56.31,"2,967,392",55.80,67,0.080183,0.2678,0.0958,0.257,"1,706",
CA2014,61.4,87.1,-6.77,19.9,32.71,"38,596,972",235.79,69,0.080183,0.2678,0.0958,0.257,9270,
CO2014,46.1,78,0.18,19.14,34.42,"5,350,101",51.40,47.5,0.080183,0.2678,0.0958,0.257,967,
CT2014,48.7,77.8,-1.05,45.01,55.24,"3,594,524",648.48,65.5,0.080183,0.2678,0.0958,0.257,97,
DE2014,54.7,83.2,-0.75,45,27.26,"932,487",374.64,66.5,0.080183,0.2678,0.0958,0.257,5,
FL2014,70.6,90.2,-0.23,59.13,50.68,"19,845,911",301.80,72,0.080183,0.2678,0.0958,0.257,"3,280",
GA2014,63,89.1,-0.24,51.41,67.28,"10,067,278",169.41,68,0.080183,0.2678,0.0958,0.257,"3,929",
ID2014,45.1,70.4,-2.25,26.47,40.55,"1,631,112",19.52,54.5,0.080183,0.2678,0.0958,0.257,"1,598",
IL2014,49.5,82.8,1.13,41.29,13.64,"12,884,493",222.48,70.5,0.080183,0.2678,0.0958,0.257,13,
IN2014,49.4,82.6,1.5,43.57,21.06,"6,593,644",181.04,70.5,0.080183,0.2678,0.0958,0.257,22,
IA2014,45.5,80.2,2.39,38.69,8.43,"3,109,350",55.25,67,0.080183,0.2678,0.0958,0.257,427,
KS2014,53.7,85,1,25.43,4.78,"2,900,475",35.25,65,0.080183,0.2678,0.0958,0.257,71,
KY2014,54.3,84.6,1.86,47.11,49.35,"4,414,349",109.24,67,0.080183,0.2678,0.0958,0.257,892,
LA2014,65.1,88.3,1.33,55.94,53.2,"4,644,013",88.66,74,0.080183,0.2678,0.0958,0.257,"1,064",
ME2014,41.2,73.2,1.91,49.45,89.46,"1,330,513",37.61,71.5,0.080183,0.2678,0.0958,0.257,489,
MD2014,53.6,82.6,-0.07,44.76,39.36,"5,957,283",480.19,64.5,0.080183,0.2678,0.0958,0.257,108,
MA2014,47.7,77.4,0.04,50.1,60.57,"6,762,596",640.76,67,0.080183,0.2678,0.0958,0.257,"1,216",
MI2014,41.9,76.4,2.25,36.66,55.62,"9,929,848",102.67,72.5,0.080183,0.2678,0.0958,0.257,270,
MN2014,38.6,75.2,3.83,29.12,34.08,"5,451,079",62.70,66.5,0.080183,0.2678,0.0958,0.257,"1,036",
MS2014,62.3,87.8,2.47,58.22,65.07,"2,990,468",61.75,72.5,0.080183,0.2678,0.0958,0.257,"2,775",
MO2014,52.9,82.8,0.47,39.32,35.16,"6,056,202",86.88,67.5,0.080183,0.2678,0.0958,0.257,"3,398",
MT2014,41.9,68.7,1.91,21.6,27.45,"1,021,869",6.95,58,0.080183,0.2678,0.0958,0.257,"2,422",
NE2014,48,80.4,1.66,24.98,3.2,"1,879,321",24.30,67.5,0.080183,0.2678,0.0958,0.257,49,
NV2014,53,82.8,-5.86,9.92,15.89,"2,817,628",25.48,51.5,0.080183,0.2678,0.0958,0.257,768,
NH2014,43,75,1.01,49.64,84.32,"1,333,341",142.62,68.5,0.080183,0.2678,0.0958,0.257,36,
NJ2014,51.9,81.5,-0.21,48.95,41.72,"8,864,525","1,016.22",71,0.080183,0.2678,0.0958,0.257,735,
NM2014,54.8,89.2,-4.5,13.2,31.99,"2,089,568",17.19,44.5,0.080183,0.2678,0.0958,0.257,813,
NY2014,44.5,76.2,2.33,43.22,62.88,"19,651,049",360.21,71.5,0.080183,0.2678,0.0958,0.257,57,
NC2014,58.4,85.9,-0.37,50.08,59.73,"9,932,887",184.56,67.5,0.080183,0.2678,0.0958,0.257,"5,125",
ND2014,39,73,5.9,18.61,1.72,"737,401",10.43,65.5,0.080183,0.2678,0.0958,0.257,"1,086",
OH2014,49.2,81.2,2.53,38.56,30.92,"11,602,700",258.84,68.5,0.080183,0.2678,0.0958,0.257,68,
OK2014,58.9,87.5,0.52,28.87,28.8,"3,878,187",55.48,63.5,0.080183,0.2678,0.0958,0.257,"1,906",
OR2014,49.6,71.9,-1.19,35.29,48.51,"3,963,244",40.29,72,0.080183,0.2678,0.0958,0.257,"2,049",
PA2014,47.4,78.8,1.58,42.43,58.6,"12,788,313",277.68,65.5,0.080183,0.2678,0.0958,0.257,537,
RI2014,49.7,77.1,-0.53,47.24,54.38,"1,055,936",683.45,67.5,0.080183,0.2678,0.0958,0.257,31,
SC2014,62.2,89.2,-0.34,47.03,68.19,"4,823,617",150.64,67.5,0.080183,0.2678,0.0958,0.257,"1,092",
SD2014,43.7,75.6,5.6,20.19,3.93,"849,129",11.01,68,0.080183,0.2678,0.0958,0.257,"1,420",
TN2014,56.6,84.4,2.06,53.52,52.83,"6,541,223",155.21,68.5,0.080183,0.2678,0.0958,0.257,593,
TX2014,64.8,91.4,-3.14,24.01,37.33,"26,964,333",100.39,65.5,0.080183,0.2678,0.0958,0.257,"9,827",
UT2014,50.4,81.4,-4.03,13.33,34.48,"2,936,879",34.59,55,0.080183,0.2678,0.0958,0.257,"1,166",
VT2014,42,74.4,1.79,46.08,77.811,"625,214",65.02,67.5,0.080183,0.2678,0.0958,0.257,55,
VA2014,54.4,83.4,-0.16,43.75,62.93,"8,310,993",194.30,68,0.080183,0.2678,0.0958,0.257,"1,522",
WA2014,48.4,69.8,-0.08,48.8,52.74,"7,054,655",98.95,72.5,0.080183,0.2678,0.0958,0.257,"1,346",
WV2014,50.8,81.2,-0.49,42.79,79.01,"1,849,489",76.33,71,0.080183,0.2678,0.0958,0.257,520,
WI2014,40.2,77,3.2,37.08,48.98,"5,751,525",87.81,71,0.080183,0.2678,0.0958,0.257,696,
WY2014,42.1,70.7,2.15,18.1,18.42,"582,531",5.96,53,0.080183,0.2678,0.0958,0.257,599,
AL2015,64.6,75.4,-0.91,61.36,70.57,"4,852,347",92.57,68,0.059,0.2672,0.172125,0.4482,"3,923",2015 STARTS HERE
AZ2015,61.8,75.5,0.33,14.39,25.64,"6,829,676",59.91,39,0.059,0.2672,0.172125,0.4482,"2,288",
AR2015,61.4,71.9,2.08,67.31,56.31,"2,978,048",56.00,67,0.059,0.2672,0.172125,0.4482,"1,513",
CA2015,60.8,89.1,-5.13,15.04,32.71,"38,918,045",237.75,69,0.059,0.2672,0.172125,0.4482,6954,
CO2015,47.4,79.2,2.71,21.73,34.42,"5,450,623",52.36,47.5,0.059,0.2672,0.172125,0.4482,"1,190",
CT2015,49.8,75.3,-1.81,37.08,55.24,"3,587,122",647.14,65.5,0.059,0.2672,0.172125,0.4482,268,
DE2015,56.4,82.5,1.75,46.27,27.26,"941,252",378.16,66.5,0.059,0.2672,0.172125,0.4482,0,
FL2015,73.4,91.7,-1.86,52.86,50.68,"20,209,042",307.32,72,0.059,0.2672,0.172125,0.4482,"3,067",
GA2015,65.3,90.4,-1.04,55.74,67.28,"10,178,447",171.28,68,0.059,0.2672,0.172125,0.4482,"5,086",
ID2015,46.4,80,-2.88,22.52,40.55,"1,651,059",19.76,54.5,0.059,0.2672,0.172125,0.4482,630,
IL2015,52.9,81,3.4,48.8,13.64,"12,858,913",222.03,70.5,0.059,0.2672,0.172125,0.4482,12,
IN2015,52.3,80.3,3.43,47.51,21.06,"6,608,422",181.45,70.5,0.059,0.2672,0.172125,0.4482,27,
IA2015,49.3,79.3,2.52,42.53,8.43,"3,120,960",55.46,67,0.059,0.2672,0.172125,0.4482,465,
KS2015,56.3,87.8,1.55,32.78,4.78,"2,909,011",35.36,65,0.059,0.2672,0.172125,0.4482,75,
KY2015,56.6,84.6,2.09,58.31,49.35,"4,425,976",109.53,67,0.059,0.2672,0.172125,0.4482,"1,220",
LA2015,68.1,89.6,1.69,67.31,53.2,"4,664,628",89.06,74,0.059,0.2672,0.172125,0.4482,508,
ME2015,41.2,67.5,1.06,43.16,89.46,"1,328,262",37.54,71.5,0.059,0.2672,0.172125,0.4482,796,
MD2015,55.4,82.1,2.02,46.86,39.36,"5,985,562",482.47,64.5,0.059,0.2672,0.172125,0.4482,120,
MA2015,48.5,73.9,-1.02,41.39,60.57,"6,794,228",643.76,67,0.059,0.2672,0.172125,0.4482,"1,526",
MI2015,45.1,73.8,-0.27,31.74,55.62,"9,931,715",102.69,72.5,0.059,0.2672,0.172125,0.4482,389,
MN2015,43.5,76.1,1.04,29.46,34.08,"5,482,032",63.06,66.5,0.059,0.2672,0.172125,0.4482,"1,422",
MS2015,65.3,89.3,0.47,60.57,65.07,"2,988,471",61.70,72.5,0.059,0.2672,0.172125,0.4482,94,
MO2015,55.8,83.4,2.17,55.52,35.16,"6,071,732",87.10,67.5,0.059,0.2672,0.172125,0.4482,"2,610",
MT2015,44.9,78.2,-1.74,16.88,27.45,"1,030,475",7.01,58,0.059,0.2672,0.172125,0.4482,"2,026",
NE2015,50.8,81.5,2.51,28.07,3.2,"1,891,277",24.45,67.5,0.059,0.2672,0.172125,0.4482,45,
NV2015,52.9,86.7,-6.12,11.34,15.89,"2,866,939",25.93,51.5,0.059,0.2672,0.172125,0.4482,467,
NH2015,43.6,70.8,1.28,44.01,84.32,"1,336,350",142.94,68.5,0.059,0.2672,0.172125,0.4482,148,
NJ2015,53.9,79.8,1.54,43.86,41.72,"8,867,949","1,016.62",71,0.059,0.2672,0.172125,0.4482,"1,050",
NM2015,54.9,86.9,1.51,19.33,31.99,"2,089,291",17.18,44.5,0.059,0.2672,0.172125,0.4482,"1,240",
NY2015,45.7,73,2.03,40.64,62.88,"19,654,666",360.27,71.5,0.059,0.2672,0.172125,0.4482,196,
NC2015,60.5,87.9,-0.65,58.32,59.73,"10,031,646",186.40,67.5,0.059,0.2672,0.172125,0.4482,"4,007",
ND2015,43.4,77,1.28,17.72,1.72,"754,066",10.67,65.5,0.059,0.2672,0.172125,0.4482,563,
OH2015,51.6,79.2,2.57,43.01,30.92,"11,617,527",259.17,68.5,0.059,0.2672,0.172125,0.4482,410,
OK2015,60.8,89.2,3.5,53.72,28.8,"3,909,500",55.93,63.5,0.059,0.2672,0.172125,0.4482,"1,938",
OR2015,50.4,80.7,-3.17,30.17,48.51,"4,015,792",40.82,72,0.059,0.2672,0.172125,0.4482,"1,245",
PA2015,49.5,77,1.91,43.1,58.6,"12,784,826",277.61,65.5,0.059,0.2672,0.172125,0.4482,871,
RI2015,50.4,73.8,-1.06,40.88,54.38,"1,056,065",683.54,67.5,0.059,0.2672,0.172125,0.4482,79,
SC2015,64.5,91.8,-1.41,60.66,68.19,"4,891,938",152.78,67.5,0.059,0.2672,0.172125,0.4482,982,
SD2015,47.5,79.4,3.08,22.78,3.93,"853,988",11.07,68,0.059,0.2672,0.172125,0.4482,"1,216",
TN2015,59,86.4,1.33,59.16,52.83,"6,591,170",156.40,68.5,0.059,0.2672,0.172125,0.4482,"2,165",
TX2015,65.8,89.9,5.13,41.23,37.33,"27,470,056",102.27,65.5,0.059,0.2672,0.172125,0.4482,"9,300",
UT2015,50.7,85,-2.55,15.41,34.48,"2,981,835",35.12,55,0.059,0.2672,0.172125,0.4482,"1,078",
VT2015,42.6,70.2,2.19,42.44,77.811,"625,216",65.02,67.5,0.059,0.2672,0.172125,0.4482,150,
VA2015,56.5,83.7,1.15,49.76,62.93,"8,361,808",195.48,68,0.059,0.2672,0.172125,0.4482,580,
WA2015,50,79.2,-2.79,43.25,52.74,"7,163,657",100.47,72.5,0.059,0.2672,0.172125,0.4482,"1,272",
WV2015,53.1,80.7,1.32,48.62,79.01,"1,842,050",76.02,71,0.059,0.2672,0.172125,0.4482,18,
WI2015,44.8,75,1.45,35.88,48.98,"5,760,940",87.96,71,0.059,0.2672,0.172125,0.4482,713,
WY2015,44.2,77.4,1.5,16.71,18.42,"585,613",5.99,53,0.059,0.2672,0.172125,0.4482,711,
AL2016,65.3,77.3,-1.1,45.01,70.57,"4,863,525",92.78,68,0.07292,0.1664,0.11406,0.2176,"3,198",2016 STARTS HERE
AZ2016,62.2,76.4,-2.77,12.28,25.64,"6,941,072",60.89,39,0.07292,0.1664,0.11406,0.2176,"1,662",
AR2016,62.8,73.5,1.7,50.44,56.31,"2,989,918",56.22,67,0.07292,0.1664,0.11406,0.2176,"1,837",
CA2016,60.1,88.3,-1.88,25.73,32.71,"39,167,117",239.27,69,0.07292,0.1664,0.11406,0.2176,8283,
CO2016,47.3,82.3,-0.08,17.08,34.42,"5,539,215",53.21,47.5,0.07292,0.1664,0.11406,0.2176,709,
CT2016,51.8,78.9,-3.66,36.73,55.24,"3,578,141",645.52,65.5,0.07292,0.1664,0.11406,0.2176,76,
DE2016,57.4,82.6,0.7,45.67,27.26,"948,921",381.25,66.5,0.07292,0.1664,0.11406,0.2176,0,
FL2016,72.5,91.6,-0.19,53.41,50.68,"20,613,477",313.47,72,0.07292,0.1664,0.11406,0.2176,"2,422",
GA2016,65.8,91.5,-1.22,40.9,67.28,"10,301,890",173.36,68,0.07292,0.1664,0.11406,0.2176,"2,331",
ID2016,45.1,76.4,-2.06,24.88,40.55,"1,682,380",20.13,54.5,0.07292,0.1664,0.11406,0.2176,"1,324",
IL2016,54.7,86.2,1.35,39.75,13.64,"12,820,527",221.37,70.5,0.07292,0.1664,0.11406,0.2176,18,
IN2016,54.2,84.4,1.53,43.38,21.06,"6,634,304",182.16,70.5,0.07292,0.1664,0.11406,0.2176,16,
IA2016,50.7,84.8,2.85,38.1,8.43,"3,131,371",55.65,67,0.07292,0.1664,0.11406,0.2176,533,
KS2016,57.2,90.6,1.82,30.68,4.78,"2,910,844",35.38,65,0.07292,0.1664,0.11406,0.2176,154,
KY2016,57.9,86.6,1.72,49.19,49.35,"4,438,182",109.83,67,0.07292,0.1664,0.11406,0.2176,774,
LA2016,68.7,89.6,2.3,67.08,53.2,"4,678,135",89.31,74,0.07292,0.1664,0.11406,0.2176,"1,172",
ME2016,43.3,72,-0.92,41.36,89.46,"1,331,317",37.63,71.5,0.07292,0.1664,0.11406,0.2176,375,
MD2016,56.5,82.6,0.85,41.66,39.36,"6,003,323",483.90,64.5,0.07292,0.1664,0.11406,0.2176,158,
MA2016,50.3,78,-2.38,36.83,60.57,"6,823,608",646.54,67,0.07292,0.1664,0.11406,0.2176,"1,525",
MI2016,47.4,77,-0.94,35.86,55.62,"9,950,571",102.89,72.5,0.07292,0.1664,0.11406,0.2176,526,
MN2016,44.6,76.7,1.33,33.54,34.08,"5,522,744",63.53,66.5,0.07292,0.1664,0.11406,0.2176,"1,849",
MS2016,65.9,90.8,-0.82,53.13,65.07,"2,987,938",61.69,72.5,0.07292,0.1664,0.11406,0.2176,"2,294",
MO2016,57.4,88.2,1.51,39.44,35.16,"6,087,135",87.32,67.5,0.07292,0.1664,0.11406,0.2176,"3,161",
MT2016,44.6,77.5,-2.66,21.17,27.45,"1,040,859",7.08,58,0.07292,0.1664,0.11406,0.2176,"2,432",
NE2016,51.6,87.4,4.03,25.31,3.2,"1,905,616",24.64,67.5,0.07292,0.1664,0.11406,0.2176,51,
NV2016,51.9,86,-0.34,11.15,15.89,"2,917,563",26.39,51.5,0.07292,0.1664,0.11406,0.2176,551,
NH2016,45.7,75.5,-1.58,39.57,84.32,"1,342,307",143.58,68.5,0.07292,0.1664,0.11406,0.2176,114,
NJ2016,54.9,82.2,-2.05,39.59,41.72,"8,870,827","1,016.95",71,0.07292,0.1664,0.11406,0.2176,"1,013",
NM2016,55.5,89.3,-1.62,12.94,31.99,"2,091,630",17.20,44.5,0.07292,0.1664,0.11406,0.2176,696,
NY2016,47.6,76.3,-1.82,38.17,62.88,"19,633,428",359.88,71.5,0.07292,0.1664,0.11406,0.2176,186,
NC2016,60.8,86.4,-0.55,50.61,59.73,"10,154,788",188.68,67.5,0.07292,0.1664,0.11406,0.2176,"3,828",
ND2016,44.4,78.6,-1.57,21.85,1.72,"754,434",10.67,65.5,0.07292,0.1664,0.11406,0.2176,726,
OH2016,53.6,83,-0.61,37.39,30.92,"11,634,370",259.55,68.5,0.07292,0.1664,0.11406,0.2176,69,
OK2016,62.3,90.8,-0.39,31.19,28.8,"3,926,331",56.17,63.5,0.07292,0.1664,0.11406,0.2176,"1,309",
OR2016,48.8,75,-2.31,34.68,48.51,"4,089,976",41.57,72,0.07292,0.1664,0.11406,0.2176,"2,588",
PA2016,50.9,79.2,-1.66,39,58.6,"12,782,275",277.55,65.5,0.07292,0.1664,0.11406,0.2176,831,
RI2016,52.2,77.6,-1.81,41.26,54.38,"1,056,770",683.99,67.5,0.07292,0.1664,0.11406,0.2176,86,
SC2016,64.9,90.9,-0.65,46.25,68.19,"4,957,968",154.84,67.5,0.07292,0.1664,0.11406,0.2176,976,
SD2016,48.4,84.9,2.18,20.68,3.93,"862,996",11.19,68,0.07292,0.1664,0.11406,0.2176,"1,032",
TN2016,60.3,88.1,-0.99,47.04,52.83,"6,646,010",157.70,68.5,0.07292,0.1664,0.11406,0.2176,611,
TX2016,67.2,91.2,5.15,32.1,37.33,"27,914,410",103.93,65.5,0.07292,0.1664,0.11406,0.2176,"9,272",
UT2016,50.2,86.6,-1.27,14.04,34.48,"3,041,868",35.83,55,0.07292,0.1664,0.11406,0.2176,930,
VT2016,44.6,74.4,-1.14,38.62,77.811,"623,657",64.86,67.5,0.07292,0.1664,0.11406,0.2176,102,
VA2016,57.1,83,2.28,45.41,62.93,"8,410,106",196.61,68,0.07292,0.1664,0.11406,0.2176,631,
WA2016,48.6,72.2,-1.56,49.14,52.74,"7,294,771",102.31,72.5,0.07292,0.1664,0.11406,0.2176,"2,013",
WV2016,54.1,81.4,1.59,45.36,79.01,"1,831,023",75.57,71,0.07292,0.1664,0.11406,0.2176,8,
WI2016,46.2,77.3,2.75,39.39,48.98,"5,772,628",88.14,71,0.07292,0.1664,0.11406,0.2176,993,
WY2016,43.9,80.3,-0.99,17.28,18.42,"584,215",5.97,53,0.07292,0.1664,0.11406,0.2176,512,
AL2017,65,76.2,3.21,64.19,70.57,"4,874,486",92.99,68,0.11121,0.2914,0.13994,0.3664,"2,093",2017 STARTS HERE
AZ2017,63,77.5,-1.68,9.47,25.64,"7,044,008",61.79,39,0.11121,0.2914,0.13994,0.3664,"1,543",
AR2017,62.5,73.3,1.31,50.26,56.31,"3,001,345",56.44,67,0.11121,0.2914,0.13994,0.3664,"1,302",
CA2017,60.3,87.3,-0.26,28.17,32.71,"39,358,497",240.44,69,0.11121,0.2914,0.13994,0.3664,7233,
CO2017,47.9,80.7,0.06,18.91,34.42,"5,611,885",53.91,47.5,0.11121,0.2914,0.13994,0.3664,830,
CT2017,50.9,77.9,-2.41,44.1,55.24,"3,573,297",644.65,65.5,0.11121,0.2914,0.13994,0.3664,28,
DE2017,57.6,84,0.01,44.53,27.26,"956,823",384.42,66.5,0.11121,0.2914,0.13994,0.3664,0,
FL2017,72.8,88.2,1.55,58.63,50.68,"20,963,613",318.80,72,0.11121,0.2914,0.13994,0.3664,"2,436",
GA2017,65.8,86,1.45,49.8,67.28,"10,410,330",175.18,68,0.11121,0.2914,0.13994,0.3664,"3,562",
ID2017,44.3,73.2,-0.51,28.83,40.55,"1,717,715",20.55,54.5,0.11121,0.2914,0.13994,0.3664,"1,180",
IL2017,54.4,84.5,-0.36,37.8,13.64,"12,778,828",220.65,70.5,0.11121,0.2914,0.13994,0.3664,36,
IN2017,54,82.8,2.3,45.61,21.06,"6,658,078",182.81,70.5,0.11121,0.2914,0.13994,0.3664,54,
IA2017,50,83.6,2.74,32.36,8.43,"3,141,550",55.83,67,0.11121,0.2914,0.13994,0.3664,577,
KS2017,56.5,88.2,-0.15,29.03,4.78,"2,908,718",35.35,65,0.11121,0.2914,0.13994,0.3664,68,
KY2017,57.8,83.3,0.9,50.26,49.35,"4,452,268",110.18,67,0.11121,0.2914,0.13994,0.3664,"1,466",
LA2017,68.7,86.4,2.48,64.06,53.2,"4,670,560",89.17,74,0.11121,0.2914,0.13994,0.3664,1005,
ME2017,42.4,72,0,45.32,89.46,"1,334,612",37.72,71.5,0.11121,0.2914,0.13994,0.3664,282,
MD2017,56.7,83.4,-0.68,41.21,39.36,"6,023,868",485.56,64.5,0.11121,0.2914,0.13994,0.3664,125,
MA2017,49.6,77.1,1.2,46.82,60.57,"6,859,789",649.97,67,0.11121,0.2914,0.13994,0.3664,"1,169",
MI2017,46.3,76.6,2.78,39.27,55.62,"9,973,114",103.12,72.5,0.11121,0.2914,0.13994,0.3664,268,
MN2017,42.6,77,2.83,28.3,34.08,"5,566,230",64.03,66.5,0.11121,0.2914,0.13994,0.3664,990,
MS2017,65.8,85.7,2.4,58.93,65.07,"2,988,510",61.71,72.5,0.11121,0.2914,0.13994,0.3664,97,
MO2017,57.1,85,2.04,41.45,35.16,"6,106,670",87.60,67.5,0.11121,0.2914,0.13994,0.3664,105,
MT2017,43.2,74.8,-1.31,17.43,27.45,"1,052,482",7.16,58,0.11121,0.2914,0.13994,0.3664,"1,646",
NE2017,50.7,85,0.89,25.34,3.2,"1,915,947",24.77,67.5,0.11121,0.2914,0.13994,0.3664,38,
NV2017,52.2,84.7,2.22,11.17,15.89,"2,969,905",26.86,51.5,0.11121,0.2914,0.13994,0.3664,531,
NH2017,44.9,74.3,1.57,49.17,84.32,"1,348,787",144.27,68.5,0.11121,0.2914,0.13994,0.3664,62,
NJ2017,54.6,81.3,0.54,44.92,41.72,"8,885,525","1,018.63",71,0.11121,0.2914,0.13994,0.3664,962,
NM2017,56.4,89.9,-1.38,14.8,31.99,"2,091,784",17.20,44.5,0.11121,0.2914,0.13994,0.3664,728,
NY2017,46.9,74.6,2.58,47.38,62.88,"19,589,572",359.08,71.5,0.11121,0.2914,0.13994,0.3664,94,
NC2017,61,84,1.62,47.96,59.73,"10,268,233",190.79,67.5,0.11121,0.2914,0.13994,0.3664,"1,402",
ND2017,42,78.3,-2.39,12.99,1.72,"754,942",10.68,65.5,0.11121,0.2914,0.13994,0.3664,567,
OH2017,53.2,81,1.21,45.51,30.92,"11,659,650",260.11,68.5,0.11121,0.2914,0.13994,0.3664,63,
OK2017,61.8,88.6,0.52,38.61,28.8,"3,931,316",56.24,63.5,0.11121,0.2914,0.13994,0.3664,1007,
OR2017,48,73.5,-0.51,36.22,48.51,"4,143,625",42.12,72,0.11121,0.2914,0.13994,0.3664,"3,087",
PA2017,50.6,78.4,1.24,46.61,58.6,"12,787,641",277.67,65.5,0.11121,0.2914,0.13994,0.3664,877,
RI2017,51.5,76.8,1.46,49.11,54.38,"1,055,673",683.28,67.5,0.11121,0.2914,0.13994,0.3664,1,
SC2017,65.1,86.5,1,46.57,68.19,"5,021,268",156.82,67.5,0.11121,0.2914,0.13994,0.3664,"1,374",
SD2017,46.8,82.6,-1.7,17.63,3.93,"872,868",11.32,68,0.11121,0.2914,0.13994,0.3664,918,
TN2017,60,83.7,1.13,56.22,52.83,"6,708,799",159.19,68.5,0.11121,0.2914,0.13994,0.3664,"1,249",
TX2017,67.3,92.3,-1.55,30.28,37.33,"28,295,273",105.35,65.5,0.11121,0.2914,0.13994,0.3664,"9,677",
UT2017,50.7,85.2,-0.38,12.83,34.48,"3,101,042",36.53,55,0.11121,0.2914,0.13994,0.3664,"1,035",
VT2017,43.8,72.8,2.15,46.3,77.811,"624,344",64.93,67.5,0.11121,0.2914,0.13994,0.3664,53,
VA2017,57.3,82.3,-0.12,41.56,62.93,"8,463,587",197.86,68,0.11121,0.2914,0.13994,0.3664,736,
WA2017,46.8,71.5,-0.21,48.73,52.74,"7,423,362",104.12,72.5,0.11121,0.2914,0.13994,0.3664,"1,480",
WV2017,54,79.7,0.99,47.01,79.01,"1,817,004",74.99,71,0.11121,0.2914,0.13994,0.3664,671,
WI2017,44.7,77.2,5.04,37.57,48.98,"5,790,186",88.41,71,0.11121,0.2914,0.13994,0.3664,613,
WY2017,43.2,75.1,-0.72,18.66,18.42,"578,931",5.92,53,0.11121,0.2914,0.13994,0.3664,403,
AL2018,64.5,75.2,1.04,64.4,70.57,"4,887,681",93.24,68,0.0733,0.166,0.14568,0.3027,"1,284",2018 STARTS HERE
AZ2018,62.3,76.5,-5.85,11.67,25.64,"7,158,024",62.80,39,0.0733,0.166,0.14568,0.3027,"1,756",
AR2018,61.2,71.5,-1.35,64.32,56.31,"3,009,733",56.60,67,0.0733,0.166,0.14568,0.3027,881,
CA2018,60.1,86.5,-2.29,18.09,32.71,"39,461,588",241.07,69,0.0733,0.166,0.14568,0.3027,9907,
CO2018,47.2,82.9,-5.63,14.96,34.42,"5,691,287",54.67,47.5,0.0733,0.166,0.14568,0.3027,"1,176",
CT2018,50.8,77,-0.67,62.16,55.24,"3,571,520",644.33,65.5,0.0733,0.166,0.14568,0.3027,76,
DE2018,57.1,82,1.38,60.02,27.26,"965,479",387.90,66.5,0.0733,0.166,0.14568,0.3027,4,
FL2018,72.3,90.9,1.87,60.52,50.68,"21,244,317",323.07,72,0.0733,0.166,0.14568,0.3027,101,
GA2018,65.1,90,1.16,60.8,67.28,"10,511,131",176.88,68,0.0733,0.166,0.14568,0.3027,"2,942",
ID2018,44.5,71.2,-0.28,21.88,40.55,"1,750,536",20.95,54.5,0.0733,0.166,0.14568,0.3027,"1,471",
IL2018,52.5,85.1,1.38,45.79,13.64,"12,723,071",219.69,70.5,0.0733,0.166,0.14568,0.3027,24,
IN2018,52.6,83.5,2.55,50.03,21.06,"6,695,497",183.84,70.5,0.0733,0.166,0.14568,0.3027,19,
IA2018,47.5,83.1,1.73,45.08,8.43,"3,148,618",55.95,67,0.0733,0.166,0.14568,0.3027,436,
KS2018,54.6,91,-3.05,31.85,4.78,"2,911,359",35.38,65,0.0733,0.166,0.14568,0.3027,16,
KY2018,57,86.1,2.74,63.74,49.35,"4,461,153",110.40,67,0.0733,0.166,0.14568,0.3027,"1,030",
LA2018,67.8,91.4,-2.09,66.39,53.2,"4,659,690",88.96,74,0.0733,0.166,0.14568,0.3027,"1,027",
ME2018,41.8,71.2,-0.84,46.45,89.46,"1,339,057",37.85,71.5,0.0733,0.166,0.14568,0.3027,426,
MD2018,55.9,81.5,1.82,64.62,39.36,"6,035,802",486.52,64.5,0.0733,0.166,0.14568,0.3027,126,
MA2018,49.5,75.8,0.01,61.03,60.57,"6,882,635",652.14,67,0.0733,0.166,0.14568,0.3027,"1,132",
MI2018,45.1,76.5,2.24,36.17,55.62,"9,984,072",103.23,72.5,0.0733,0.166,0.14568,0.3027,436,
MN2018,40.6,77.7,2.13,30.08,34.08,"5,606,249",64.49,66.5,0.0733,0.166,0.14568,0.3027,"1,115",
MS2018,64.8,90.8,-0.78,66.81,65.07,"2,981,020",61.55,72.5,0.0733,0.166,0.14568,0.3027,5,
MO2018,55.2,88.2,-1.7,43,35.16,"6,121,623",87.82,67.5,0.0733,0.166,0.14568,0.3027,51,
MT2018,41.3,71.4,2.06,19.98,27.45,"1,060,665",7.21,58,0.0733,0.166,0.14568,0.3027,"1,723",
NE2018,48.3,84.6,1.97,29.22,3.2,"1,925,614",24.90,67.5,0.0733,0.166,0.14568,0.3027,10,
NV2018,52,84.2,-3.82,9.27,15.89,"3,027,341",27.38,51.5,0.0733,0.166,0.14568,0.3027,763,
NH2018,44.4,73.9,-1.2,51.8,84.32,"1,353,465",144.77,68.5,0.0733,0.166,0.14568,0.3027,85,
NJ2018,54.2,80.4,1.35,64.76,41.72,"8,886,025","1,018.69",71,0.0733,0.166,0.14568,0.3027,"1,013",
NM2018,55.5,91.2,-4.97,12.72,31.99,"2,092,741",17.21,44.5,0.0733,0.166,0.14568,0.3027,"1,064",
NY2018,46.2,74.4,0.98,48.58,62.88,"19,530,351",357.99,71.5,0.0733,0.166,0.14568,0.3027,138,
NC2018,60.4,87.2,1.13,68.35,59.73,"10,381,615",192.90,67.5,0.0733,0.166,0.14568,0.3027,"3,514",
ND2018,39.8,79.5,-2.33,17.77,1.72,"758,080",10.72,65.5,0.0733,0.166,0.14568,0.3027,515,
OH2018,52.2,81.3,2.87,50.93,30.92,"11,676,341",260.48,68.5,0.0733,0.166,0.14568,0.3027,31,
OK2018,60.2,92.2,-1.54,41.01,28.8,"3,940,235",56.37,63.5,0.0733,0.166,0.14568,0.3027,610,
OR2018,48.4,72.7,-2.09,25.41,48.51,"4,181,886",42.51,72,0.0733,0.166,0.14568,0.3027,"2,848",
PA2018,49.8,77.1,2.63,64.04,58.6,"12,800,922",277.95,65.5,0.0733,0.166,0.14568,0.3027,639,
RI2018,51.6,75.5,-0.88,63.18,54.38,"1,058,287",684.98,67.5,0.0733,0.166,0.14568,0.3027,7,
SC2018,64.3,90.9,-0.34,57.3,68.19,"5,084,156",158.78,67.5,0.0733,0.166,0.14568,0.3027,"1,337",
SD2018,44.1,81.1,0.89,23.25,3.93,"878,698",11.39,68,0.0733,0.166,0.14568,0.3027,889,
TN2018,59.1,87.1,3.01,67.14,52.83,"6,771,631",160.68,68.5,0.0733,0.166,0.14568,0.3027,424,
TX2018,66,95.8,-3.49,33.72,37.33,"28,628,666",106.59,65.5,0.0733,0.166,0.14568,0.3027,70,
UT2018,50.4,84.9,-5.19,11.58,34.48,"3,153,550",37.15,55,0.0733,0.166,0.14568,0.3027,"1,276",
VT2018,43.2,72.4,-0.96,47.07,77.811,"624,358",64.93,67.5,0.0733,0.166,0.14568,0.3027,124,
VA2018,56.6,83.1,2.42,63.53,62.93,"8,501,286",198.74,68,0.0733,0.166,0.14568,0.3027,"4,418",
WA2018,48,69.9,-1.2,41.32,52.74,"7,523,869",105.53,72.5,0.0733,0.166,0.14568,0.3027,"1,527",
WV2018,53.3,80.6,2.89,65.1,79.01,"1,804,291",74.47,71,0.0733,0.166,0.14568,0.3027,557,
WI2018,43.2,77,2.78,39.74,48.98,"5,807,406",88.67,71,0.0733,0.166,0.14568,0.3027,671,
WY2018,42.4,75.3,0.42,16.12,18.42,"577,601",5.91,53,0.0733,0.166,0.14568,0.3027,468,
AL2019,65.4,76.6,-0.62,56.3,70.57,"4,903,185",93.54,68,0.07399,0.2092,0.17963,0.4603,1531,2019 STARTS HERE
AZ2019,60.3,74.2,2.05,14.69,25.64,"7,278,717",63.85,39,0.07399,0.2092,0.17963,0.4603,1684,
AR2019,61.2,71.6,4.44,65.65,56.31,"3,017,804",56.75,67,0.07399,0.2092,0.17963,0.4603,2389,
CA2019,58.4,85.3,2.97,29.12,32.71,"39,512,223",241.38,69,0.07399,0.2092,0.17963,0.4603,7950,
CO2019,45.3,75.4,2.31,18.91,34.42,"5,758,736",55.32,47.5,0.07399,0.2092,0.17963,0.4603,1498,
CT2019,49.8,76.7,2.66,53.91,55.24,"3,565,287",643.21,65.5,0.07399,0.2092,0.17963,0.4603,180,
DE2019,57.5,83.6,0.5,41.02,27.26,"973,764",391.23,66.5,0.07399,0.2092,0.17963,0.4603,0,
FL2019,73.2,91.7,-1.47,52.1,50.68,"21,477,737",326.62,72,0.07399,0.2092,0.17963,0.4603,2227,
GA2019,66.2,88.8,-1.35,47.89,67.28,"10,617,423",178.67,68,0.07399,0.2092,0.17963,0.4603,3331,
ID2019,43,71,-0.39,23.41,40.55,"1,787,065",21.38,54.5,0.07399,0.2092,0.17963,0.4603,1149,
IL2019,52.1,81,5.01,49.86,13.64,"12,671,821",218.80,70.5,0.07399,0.2092,0.17963,0.4603,157,
IN2019,52.4,80,5.31,49.52,21.06,"6,732,219",184.85,70.5,0.07399,0.2092,0.17963,0.4603,69,
IA2019,46.8,79.7,5.41,41.63,8.43,"3,155,070",56.07,67,0.07399,0.2092,0.17963,0.4603,10,
KS2019,53.8,85,5.4,36.03,4.78,"2,913,314",35.41,65,0.07399,0.2092,0.17963,0.4603,71,
KY2019,57.5,82.3,5.35,61.32,49.35,"4,467,673",110.56,67,0.07399,0.2092,0.17963,0.4603,1293,
LA2019,67.7,89.7,2.58,61.87,53.2,"4,648,794",88.75,74,0.07399,0.2092,0.17963,0.4603,967,
ME2019,40.7,71.2,2.67,49.99,89.46,"1,344,212",37.99,71.5,0.07399,0.2092,0.17963,0.4603,551,
MD2019,56.6,82.7,0.33,42.7,39.36,"6,045,680",487.32,64.5,0.07399,0.2092,0.17963,0.4603,161,
MA2019,48.5,76,2.88,52.74,60.57,"6,892,503",653.07,67,0.07399,0.2092,0.17963,0.4603,1446,
MI2019,43.9,74,4.27,41.83,55.62,"9,986,857",103.26,72.5,0.07399,0.2092,0.17963,0.4603,777,
MN2019,39.3,76,4.06,35.66,34.08,"5,639,632",64.87,66.5,0.07399,0.2092,0.17963,0.4603,2391,
MS2019,65.2,88.5,2.26,68.06,65.07,"2,976,149",61.45,72.5,0.07399,0.2092,0.17963,0.4603,10,
MO2019,55,82.5,3.84,53.82,35.16,"6,137,428",88.05,67.5,0.07399,0.2092,0.17963,0.4603,701,
MT2019,39.9,71.7,0.9,21.41,27.45,"1,068,778",7.27,58,0.07399,0.2092,0.17963,0.4603,2213,
NE2019,47.5,80.6,6.59,31.38,3.2,"1,934,408",25.01,67.5,0.07399,0.2092,0.17963,0.4603,149,
NV2019,49.9,79.6,4.45,13.81,15.89,"3,080,156",27.86,51.5,0.07399,0.2092,0.17963,0.4603,944,
NH2019,43.2,73.7,2.92,50.25,84.32,"1,359,711",145.44,68.5,0.07399,0.2092,0.17963,0.4603,312,
NJ2019,54.3,81.1,3.85,51.55,41.72,"8,882,190","1,018.25",71,0.07399,0.2092,0.17963,0.4603,1068,
NM2019,54.4,85.9,-1.25,13.38,31.99,"2,096,829",17.25,44.5,0.07399,0.2092,0.17963,0.4603,1029,
NY2019,45.2,74.1,3.89,48.22,62.88,"19,453,561",356.59,71.5,0.07399,0.2092,0.17963,0.4603,168,
NC2019,61.3,84.4,-0.56,51.14,59.73,"10,488,084",194.88,67.5,0.07399,0.2092,0.17963,0.4603,3463,
ND2019,38,76.6,0.93,24.39,1.72,"762,062",10.78,65.5,0.07399,0.2092,0.17963,0.4603,1094,
OH2019,52.4,78.8,5.56,46.87,30.92,"11,689,100",260.77,68.5,0.07399,0.2092,0.17963,0.4603,309,
OK2019,59.9,86.7,4.89,44.98,28.8,"3,956,971",56.61,63.5,0.07399,0.2092,0.17963,0.4603,1595,
OR2019,47.1,73.2,0.96,30.03,48.51,"4,217,737",42.87,72,0.07399,0.2092,0.17963,0.4603,963,
PA2019,49.9,76.9,6.2,50.78,58.6,"12,801,989",277.98,65.5,0.07399,0.2092,0.17963,0.4603,683,
RI2019,50.6,75.8,3.54,57.11,54.38,"1,059,361",685.67,67.5,0.07399,0.2092,0.17963,0.4603,49,
SC2019,65,87.7,-1.18,46.03,68.19,"5,148,714",160.80,67.5,0.07399,0.2092,0.17963,0.4603,1799,
SD2019,42.3,78.8,5.76,31.4,3.93,"884,659",11.47,68,0.07399,0.2092,0.17963,0.4603,2784,
TN2019,59.8,83.6,4.4,66.91,52.83,"6,829,174",162.04,68.5,0.07399,0.2092,0.17963,0.4603,1158,
TX2019,65.9,90.8,5.03,26.86,37.33,"28,995,881",107.95,65.5,0.07399,0.2092,0.17963,0.4603,10620,
UT2019,47.9,78.2,5,16.94,34.48,"3,205,958",37.76,55,0.07399,0.2092,0.17963,0.4603,1534,
VT2019,41.9,72.8,3.51,51.4,77.811,"623,989",64.89,67.5,0.07399,0.2092,0.17963,0.4603,92,
VA2019,57.5,81.5,4.36,46,62.93,"8,535,519",199.54,68,0.07399,0.2092,0.17963,0.4603,583,
WA2019,46.5,71.6,-3.01,33.07,52.74,"7,614,893",106.80,72.5,0.07399,0.2092,0.17963,0.4603,1342,
WV2019,54.2,78.3,4.2,48.24,79.01,"1,792,147",73.96,71,0.07399,0.2092,0.17963,0.4603,488,
WI2019,42.1,75.2,5.06,44.55,48.98,"5,822,434",88.90,71,0.07399,0.2092,0.17963,0.4603,1536,
WY2019,40.3,71.1,1.74,18.34,18.42,"578,759",5.92,53,0.07399,0.2092,0.17963,0.4603,838,
AL2020,65,75.8,2.49,68.61,70.57,"4,921,532",93.89,68,0.1189,0.3075,0.0783,0.1636,3073,2020 STARTS HERE
AZ2020,62.6,77.7,-0.15,6.58,25.64,"7,421,401",65.11,39,0.1189,0.3075,0.0783,0.1636,1988,
AR2020,61.2,71.4,3.97,63.52,56.31,"3,030,522",56.99,67,0.1189,0.3075,0.0783,0.1636,2627,
CA2020,60.6,84.9,-1.45,12.07,32.71,"39,368,078",240.50,69,0.1189,0.3075,0.0783,0.1636,7989,
CO2020,47.3,80.9,-3.86,12.3,34.42,"5,807,719",55.79,47.5,0.1189,0.3075,0.0783,0.1636,1286,
CT2020,52,80.3,-1.15,43.54,55.24,"3,557,006",641.71,65.5,0.1189,0.3075,0.0783,0.1636,196,
DE2020,58.1,84.2,-2.1,55.9,27.26,"986,809",396.47,66.5,0.1189,0.3075,0.0783,0.1636,0,
FL2020,73.2,90.2,0.25,58.05,50.68,"21,733,312",330.50,72,0.1189,0.3075,0.0783,0.1636,5102,
GA2020,65.6,87.4,2.23,60.57,67.28,"10,710,017",180.23,68,0.1189,0.3075,0.0783,0.1636,8387,
ID2020,44.4,68.7,0.92,22.14,40.55,"1,826,913",21.86,54.5,0.1189,0.3075,0.0783,0.1636,532,
IL2020,53.3,85,3.68,41.95,13.64,"12,587,530",217.35,70.5,0.1189,0.3075,0.0783,0.1636,62,
IN2020,53.3,83.8,2.44,42.39,21.06,"6,754,953",185.47,70.5,0.1189,0.3075,0.0783,0.1636,27,
IA2020,49.2,83.8,-0.05,29.09,8.43,"3,163,561",56.22,67,0.1189,0.3075,0.0783,0.1636,561,
KS2020,55.6,91.2,2.49,25.82,4.78,"2,913,805",35.41,65,0.1189,0.3075,0.0783,0.1636,99,
KY2020,57.1,83.9,4.45,58.07,49.35,"4,477,251",110.80,67,0.1189,0.3075,0.0783,0.1636,1040,
LA2020,68.2,88.9,1.29,66.46,53.2,"4,645,318",88.69,74,0.1189,0.3075,0.0783,0.1636,3079,
ME2020,43.5,74.9,-1.14,40.64,89.46,"1,350,141",38.16,71.5,0.1189,0.3075,0.0783,0.1636,308,
MD2020,57.2,83.1,-0.32,52.8,39.36,"6,055,802",488.13,64.5,0.1189,0.3075,0.0783,0.1636,131,
MA2020,50.8,79,-1,42.39,60.57,"6,893,574",653.17,67,0.1189,0.3075,0.0783,0.1636,1116,
MI2020,46.5,78.8,4.02,35.33,55.62,"9,966,555",103.05,72.5,0.1189,0.3075,0.0783,0.1636,322,
MN2020,42.4,79.8,2.69,24.32,34.08,"5,657,342",65.07,66.5,0.1189,0.3075,0.0783,0.1636,1238,
MS2020,65.4,88.2,3.36,68.34,65.07,"2,966,786",61.26,72.5,0.1189,0.3075,0.0783,0.1636,2341,
MO2020,55.7,86,3.74,46.3,35.16,"6,151,548",88.25,67.5,0.1189,0.3075,0.0783,0.1636,2732,
MT2020,43.2,72,3.15,16.88,27.45,"1,080,577",7.35,58,0.1189,0.3075,0.0783,0.1636,1335,
NE2020,50.5,87.2,4.49,18.25,3.2,"1,937,552",25.05,67.5,0.1189,0.3075,0.0783,0.1636,80,
NV2020,52.4,80.6,-2.64,5.86,15.89,"3,138,259",28.38,51.5,0.1189,0.3075,0.0783,0.1636,817,
NH2020,45.8,76.7,-1.13,41.63,84.32,"1,366,275",146.14,68.5,0.1189,0.3075,0.0783,0.1636,139,
NJ2020,55.4,82.5,-1.32,50.11,41.72,"8,882,371","1,018.27",71,0.1189,0.3075,0.0783,0.1636,708,
NM2020,56,89.4,-2.52,8.35,31.99,"2,106,319",17.32,44.5,0.1189,0.3075,0.0783,0.1636,1875,
NY2020,47.8,77.1,-1.19,39.24,62.88,"19,336,776",354.45,71.5,0.1189,0.3075,0.0783,0.1636,47,
NC2020,61,82.6,2.98,66.54,59.73,"10,600,823",196.97,67.5,0.1189,0.3075,0.0783,0.1636,5279,
ND2020,42.3,80.4,3.59,12.92,1.72,"765,309",10.83,65.5,0.1189,0.3075,0.0783,0.1636,353,
OH2020,53,81.9,2.8,42.34,30.92,"11,693,217",260.86,68.5,0.1189,0.3075,0.0783,0.1636,246,
OK2020,60.7,91.3,2.92,39.24,28.8,"3,980,783",56.95,63.5,0.1189,0.3075,0.0783,0.1636,2486,
OR2020,48.8,70.5,-1.55,28.79,48.51,"4,241,507",43.11,72,0.1189,0.3075,0.0783,0.1636,1151,
PA2020,51.2,79.6,-0.66,43.23,58.6,"12,783,254",277.57,65.5,0.1189,0.3075,0.0783,0.1636,204,
RI2020,52.8,78.3,-0.57,44.56,54.38,"1,057,125",684.22,67.5,0.1189,0.3075,0.0783,0.1636,30,
SC2020,64.7,85.8,2.82,59.92,68.19,"5,218,040",162.96,67.5,0.1189,0.3075,0.0783,0.1636,2703,
SD2020,46.7,83.2,6.54,16.17,3.93,"892,717",11.58,68,0.1189,0.3075,0.0783,0.1636,1248,
TN2020,59.3,84.3,4.53,65.62,52.83,"6,886,834",163.41,68.5,0.1189,0.3075,0.0783,0.1636,1170,
TX2020,66.8,92.9,-1.57,26.11,37.33,"29,360,759",109.31,65.5,0.1189,0.3075,0.0783,0.1636,3470,
UT2020,50.4,80.5,-2.05,7.24,34.48,"3,249,879",38.28,55,0.1189,0.3075,0.0783,0.1636,1102,
VT2020,44.8,75.5,-1.11,40.11,77.811,"623,347",64.82,67.5,0.1189,0.3075,0.0783,0.1636,11,
VA2020,57.4,81.6,2.97,61.33,62.93,"8,590,563",200.83,68,0.1189,0.3075,0.0783,0.1636,831,
WA2020,48,68.6,-0.98,45.08,52.74,"7,693,612",107.91,72.5,0.1189,0.3075,0.0783,0.1636,993,
WV2020,53.9,79.4,3.66,53.72,79.01,"1,784,787",73.66,71,0.1189,0.3075,0.0783,0.1636,342,
WI2020,44.8,78.6,4.62,34.19,48.98,"5,832,655",89.05,71,0.1189,0.3075,0.0783,0.1636,735,
WY2020,42.7,74.2,-0.79,11.68,18.42,"582,328",5.95,53,0.1189,0.3075,0.0783,0.1636,680,